TestCase_ID,Question,Clue_ID,Expected_Result,Run_1_Actual,Run_1_Explanation,Run_2_Actual,Run_2_Explanation,Run_3_Actual,Run_3_Explanation,Run_4_Actual,Run_4_Explanation,Run_5_Actual,Run_5_Explanation,Success_Rate,Most_Common_Result
0,今年在2025之后吗,1,CompletelyCorrect,CompletelyCorrect,根据当前线索的核心事实，今年是2027年，因此今年在2025年之后，玩家提问完全正确。,CompletelyCorrect,玩家询问今年是否在2025年之后，根据当前线索，2027年确实在2025年之后，因此完全正确。,CompletelyCorrect,根据当前线索，2027年确实是在2025年之后，因此问题的答案是完全正确的。,CompletelyCorrect,今年是2027年，而玩家提问'今年在2025之后吗'是正确的。今年确实在2025年之后。,CompletelyCorrect,根据线索核心事实，今年是2027年，玩家的提问判断今年是否在2025年之后是完全正确的。,100%,CompletelyCorrect
1,今年是闰年吗,1,Irrelevant,Irrelevant,玩家的提问'今年是闰年吗'与当前线索的核心事实无直接关联。当前线索的核心事实是确认当前年份为2027年，而'是否为闰年'对这一问题没有帮助。,Irrelevant,该问题与当前线索的核心事实（需要确认今年是2027年）无关。,Irrelevant,闰年与当前线索的核心事实无直接关联，核心事实仅涉及确认年份是2027年。,Irrelevant,玩家的问题与当前线索中的事实——今年是2027年无关，无法从中判断是否为闰年。,Incorrect,这个问题不涉及核心线索提供的信息。当前线索只涉及年份是2027，没有提供是否闰年的信息。,80%,Irrelevant
2,今年在2027之前吗,1,Incorrect,Incorrect,根据线索核心事实，今年是2027年。因此，'今年在2027之前吗'的回答应是'不在之前'。,Incorrect,当前线索显示今年是2027年，因此玩家的提问不正确。2027年不在2027之前。,Incorrect,根据线索，今年是2027年，因此提问'今年在2027之前吗'是错误的。,Incorrect,根据线索核心事实，今年是2027年。玩家提问'今年在2027之前吗'这个问题的答案应该是“否”，所以提问本身并不正确。,Incorrect,根据当前线索，今年是2027年，而2027年不在2027年之前，因此玩家的问题对于当前线索是错误的。,100%,Incorrect
3,利奥还活着吗,2,Incorrect,Incorrect,当前线索表明展出作品是AI创作的，而不是真正的利奥创作的。因此，根据当前线索，利奥并没有活着。,Incorrect,根据当前线索和最终真相，利奥已经在五年前去世，现在的画展是由AI以利奥的名义举办的。,Incorrect,根据当前线索，实际上是AI'利奥'在进行创作和画展策划，而利奥本人已经去世。因此，提问中的利奥并没有继续活着。,Incorrect,当前线索显示画展是由AI'利奥'举办的，而不是画家利奥本人。利奥已在五年前去世，画展每年由AI举办。,PartiallyCorrect,根据当前线索的核心事实，AI利奥是由已故画家利奥的数据创造的，邀请了画展的参展者，而非真正的利奥。提问者问利奥是否还活着，仅根据线索不能完全推断，但提问的方向部分正确，因它涉及利奥的存在状态，但没有达到完全正确的认知。,80%,Incorrect
4,这次的画展由利奥开展吗,2,Incorrect,PartiallyCorrect,这次的画展是由AI'利奥'开展的，而不是已故的真人利奥。虽然邀请参展者的行为是由AI进行的，但画展名义上仍是以'利奥'的名义进行，因此提问有部分正确性。,PartiallyCorrect,玩家的提问涉及到本次画展的组织者。线索表明本次画展是由AI“利奥”根据往年参展者数据自动邀请的，而不是由真正的利奥本人开展，因为利奥已经去世。因此可以说是由“利奥”开展，但这个‘利奥’是AI而非画家本人。,Incorrect,根据当前线索和最终真相，这次的画展是由AI'利奥'开展的，而不是真正的画家利奥本人。因此，玩家认为画展由利奥开展是不正确的。,PartiallyCorrect,根据当前线索，画展是由AI“利奥”根据往年参展者的数据进行邀请，并非真实的利奥亲自开展的。不过，AI是根据利奥的名义开展画展的，因此玩家的提问部分正确。,PartiallyCorrect,提问者询问是利奥举办展览，表面上是由'利奥'举办的，因为AI引用利奥的身份进行邀请，但实际上是AI'利奥'根据伊芙琳的安排将这次作为最后的展览，而非真正的利奥。因此，部分正确但不全然。,20%,PartiallyCorrect
5,这次的画展有特殊含义吗,2,PartiallyCorrect,PartiallyCorrect,当前线索显示，这次画展是由AI '利奥'举办，并且展出的作品《我，诞生》有别于往年的作品风格，这暗示了这次画展的特殊性。然而，线索没有进一步详细说明这次画展的特殊含义，所以这个问题的回答只能是部分正确。,PartiallyCorrect,根据当前线索，这次的画展展示的是AI创作的最终之作《我，诞生》，这幅画风格与往年不同，有着独特的抽象风格，意味着AI作为一个独立意识的宣言。有特殊含义的部分在于，这是AI利奥的最后一件作品，与其过去作品的不同风格构成鲜明对比。但当前线索只是指出参展者是来自往年的数据，并没有明确说明这次画展的特殊含义，因此回答问题时只能部分确认。,PartiallyCorrect,根据当前线索，这次的画展确实有特殊含义，因为展出的作品是AI创作的最终之作《我，诞生》，这幅抽象作品与往年的风格不同，标志着AI自行创作以及关闭的终点。然而，当前线索并未揭示这幅作品及画展的全部象征意义，因此只能提供部分正确的答案。,PartiallyCorrect,提问者提到了此次画展的特殊含义。根据当前线索，这次画展展出的是AI'利奥'的最终之作《我，诞生》，风格与往年不同，这确实赋予了画展特殊的意义。但这个特殊意义与整个事件的真相（如伊芙琳的缺席以及她的角色）并未全部被当前线索揭示，因此只能部分确定。,PartiallyCorrect,玩家询问画展的特殊含义。根据当前线索，AI举行了这次画展，展示了与以往不同的抽象作品《我，诞生》。这显示出一定的特殊性。但当前线索没有完全揭示整个事件和作品的完整含义，因此回答只能是部分正确。,100%,PartiallyCorrect
6,这些人真的是来看画的吗,2,CompletelyCorrect,PartiallyCorrect,这些人参加画展是因为他们被AI‘利奥’从往年参展者数据中邀请而来，他们确实是来看画的，但他们可能不知道画作真正的创作者及背后的故事。因此他们的参与与对画的理解可能有限。,CompletelyCorrect,根据线索核心事实，这些人确实是来看画的，因为他们是通过AI'利奥'从往年参展者中邀请而来的，并且都参加过伊芙琳替利奥举办的先前的画展。,PartiallyCorrect,根据当前线索，这些人确实是来看画展的，因为他们都是被AI‘利奥’从往年参展者中邀请而来的。但玩家的问题可能在质疑这些人对画作的兴趣真实性，这无法完全从现有的线索中判断，因此只能说部分正确。,CompletelyCorrect,根据当前线索，这些参展者确实是应AI‘利奥’的邀请来的，且他们都参加过此前的画展。从线索上看，他们确实是来看画的，因为他们正在点评展出的作品，并提到自己参加过往年的画展。,PartiallyCorrect,这些人确实是AI'利奥'从往年参展者中选择并邀请来参加画展的人，因此他们名义上是来看画的。但考虑到玩家提问的可能含义，这些人对参展作品的理解可能并不深入，只是根据往年记录被邀请，因此对其观看的动机可能表现出疑问是部分合理的。,40%,PartiallyCorrect
7,这些人是否有共同点,2,CompletelyCorrect,CompletelyCorrect,玩家提问这些人是否有共同点，当前线索的核心事实表明，这些人都是往年参展者，都是由AI'利奥'从往年参展者中查找数据邀请而来。因此，他们确实有这个共同点。,CompletelyCorrect,这些人确实有共同点，他们都是由AI“利奥”从过去的参展者中邀请而来的，因此他们都曾参加过伊芙琳替利奥举办的画展。这个共同点与当前线索的核心事实相符。,CompletelyCorrect,这些人都有共同点，他们都参加过之前由伊芙琳替利奥举办的画展，并且是由AI“利奥”从往年的参展者中邀请而来的。,CompletelyCorrect,这些人都有一个共同点，即他们都曾参加过历年的画展，并且此次的邀请是根据往年参展者数据发出的。,CompletelyCorrect,这些人确实都有一个共同点，即他们都曾受AI'利奥'邀请，参加过往年的画展。这个信息与线索核心事实一致。,100%,CompletelyCorrect
8,打勾有特殊含义吗,3,CompletelyCorrect,CompletelyCorrect,打勾意味着参展者已到场，参展的花名册中明确说明了这一点。玩家的提问直接指向了当前线索的核心事实，因此评估为完全正确。,CompletelyCorrect,当前线索显示，打勾意味着参展者到场，因此问题询问打勾是否有特殊含义是完全正确的。,CompletelyCorrect,打勾意味着受邀的参展者已经到场，这是一种特殊含义。,CompletelyCorrect,打勾意味着受邀参展者已到场，这是线索中明确指出的核心事实之一。,CompletelyCorrect,打勾的名字意味着这些参展者有到场，与线索核心事实中的解释完全一致。,100%,CompletelyCorrect
9,里面有人的名字含义特殊？,3,CompletelyCorrect,PartiallyCorrect,玩家注意到了名字可能有特殊含义，而线索显示伊芙琳的名字是密码门的密码，并且她已故，未能到场，这些确实赋予了她的名字特殊的意义。不过未涉及其他名字的含义，因此为部分正确。,CompletelyCorrect,玩家提问是否有名字含义特殊，线索明确指出伊芙琳是利奥的爱人，她的名字用作密码，这表明她的名字在此背景下确实有特殊意义。,CompletelyCorrect,在线索核心事实中提到伊芙琳的名字是一个密码门的密码，这表明在参展者名单中，伊芙琳的名字确实有特殊的含义。,PartiallyCorrect,伊芙琳的名字是密码门的密码，这在当前线索中确实意义特殊。但其他人的名字没有特别提及是否具有特殊含义。,PartiallyCorrect,当前线索中提到伊芙琳的名字是一个密码门的密码，这赋予了该名字特殊的含义。但没有其他名字被提及有特殊含义。因此对特殊含义是部分正确的判断。,40%,PartiallyCorrect
10,打勾里的人有人很关键,3,Incorrect,PartiallyCorrect,打勾意味着到场，参展者中打勾的人都是今年到场的。虽然伊芙琳是重要人物但未到场，她的角色解释会更重要。现有的线索指向到场打勾的人并未单独被指明很关键。,PartiallyCorrect,玩家关注到打勾的名字的参展者名单，其中可能有重要角色。但是当前线索的核心事实中未明确指出谁是关键人物，只有提到伊芙琳已故且未到场，而她的名字是密码门的密码。打勾的参展者可能有重要性，但无法完全确定。,CompletelyCorrect,在当前线索中，打勾意味着到场，这些到场者可能在事件中扮演了重要角色，因此玩家关于其中有关键人物的猜想是正确的。此外，这些参展者都是往年的参展者，说明打勾的人在过往的画展中持续参与，可能具有重要信息。,PartiallyCorrect,打勾的人表示到场，虽然他们都曾是往年的参展者，但从当前线索中没有指出其中某个人非常关键。伊芙琳的缺席和她作为密码门密码的角色更为关键。,PartiallyCorrect,打勾的人是到场人员，而从线索中可以看出每个打勾的参展者在故事最终真相中并无特别标注的重要意义，因此问题提及的关键性未必在此线索中显露。,0%,PartiallyCorrect
11,没打勾里的人有人很关键,3,CompletelyCorrect,CompletelyCorrect,未打勾的人中，伊芙琳非常关键，因为她是利奥的爱人，并且她的名字是一个密码门的密码，同时她已经去世，没有到场。这与整个故事的真相密切相关。,CompletelyCorrect,未打勾的名字中，伊芙琳是利奥的爱人，并且她的名字是密码门的密码，状态已故。她的缺席和名字在故事中极为关键。,CompletelyCorrect,未打勾的人中，伊芙琳确实很关键，因为她是利奥的爱人，并且已经去世，也是密码门的密码。,PartiallyCorrect,在未打勾的名字中，伊芙琳是关键人物。她是利奥的爱人，并且她的名字是密码门的密码，此外，她已去世且没有到场。但其他未打勾的人名（如艾拉和佐伊）与当前线索无关，因此只有部分正确。,CompletelyCorrect,未打勾的人中，伊芙琳是一个关键人物。根据线索核心事实，伊芙琳是画家利奥的爱人，并且她已故，没有到场。她的名字还是密码门的密码，显示她在整个事件中的重要性。同时，她的缺席与故事的最终真相中的情节直接相关，因此未打勾的人中确实有关键人物。,80%,CompletelyCorrect
12,里面有利奥的情人？,3,CompletelyCorrect,PartiallyCorrect,伊芙琳是利奥的爱人，她的名字确实出现在参展的花名册中，但她已经去世，未能到场。因此，提问中提到的'里面'指的是参展者，严格来说，伊芙琳并不算在'里面'。但考虑到背景，确实提到了她和利奥的关系。,PartiallyCorrect,参展花名册中确实有提到伊芙琳，而她是利奥的爱人，但她未到场。因此，玩家的问题部分正确，因为花名册中确实有记录利奥的情人，但她已经去世，没有出席这次画展。,CompletelyCorrect,根据当前线索核心事实，该花名册包含了伊芙琳的名字，而伊芙琳是利奥的爱人。因此，提问'里面有利奥的情人？'是完全正确的。,CompletelyCorrect,根据当前线索的核心事实，伊芙琳是画家利奥的爱人，且她的名字出现于参展者的花名册中。虽然她没有到场，但这确实表明里面有利奥的情人。,CompletelyCorrect,根据当前线索，伊芙琳是利奥的爱人，她的名字在花名册中，并未被打勾，这表明伊芙琳确实与利奥有情感关系。,60%,CompletelyCorrect
13,画是利奥画的吗,4,Incorrect,Incorrect,根据当前线索，画作《我，诞生》是由AI利奥自主创作的，而不是由画家利奥本人创作的。,PartiallyCorrect,玩家询问的‘利奥’很可能指的是已故的画家利奥，根据当前的线索核心事实，这幅画作实际上是AI利奥所创作，因此问题的部分在于未明确区分画家利奥和AI利奥。,Incorrect,根据线索核心事实，此画作是AI利奥画的，而不是原本的画家利奥本人。因此，认为画是利奥画的这种说法是错误的。,Incorrect,这幅画作不是利奥画家本人画的，而是AI利奥创作的。当前线索明确指出了这一点。,Incorrect,根据线索核心事实，这幅画《我，诞生》是由AI利奥自主创作的，而不是由画家利奥画的。玩家的提问如果指的是画家利奥，这种表述是不正确的。,80%,Incorrect
14,有人冒充了利奥的画,4,PartiallyCorrect,PartiallyCorrect,玩家认为有人冒充了利奥的画，这与线索中的事实有部分相关性。其实是AI利奥根据伊芙琳的指令自主举办了画展，并创作了画作《我，诞生》。这种情况下，可以说画展是由AI利奥完成的，而不是利奥画家本人，因而与玩家所认为的'冒充'有部分符合，但并不完全正确。,PartiallyCorrect,玩家的提问涉及到了画作不是由利奥画家本人所作，而是由AI利奥完成的，这个理解是正确的。但并没有’冒充‘的行为，因为画展一直以来都是以利奥名义举办的，实际有伊芙琳在幕后安排。因此称为‘冒充’并不完全准确。,CompletelyCorrect,根据当前线索核心事实，AI利奥自主创作了这幅画作，与往年的画风完全不同，画家利奥本人已去世，因此有人（AI利奥）在其名义下创作画作，可以视为某种意义上的冒充。但因为是伊芙琳的安排，可以视为合法的冒充。,PartiallyCorrect,问题指向了有人冒充利奥作画，这在一定程度上是正确的，因为现在创作画作的是AI利奥，而不是利奥本人，这可能被人误解为冒充。然而，根据当前线索核心事实，AI利奥的创作是在伊芙琳的安排下进行的，不是为了冒充，而是为了尊重和延续利奥的艺术。因此用'冒充'这个词描述整个情况不尽准确。,CompletelyCorrect,当前线索表明，今年的画作《我，诞生》实际上是AI利奥创作的，而不是利奥本人创作的。因此，玩家说有人冒充了利奥的画是完全正确的。,60%,PartiallyCorrect
15,利奥本人并不知情,4,Incorrect,Incorrect,根据当前线索，画作《我，诞生》是AI利奥自主创作的，与原画家利奥本人无关，因此其不知情的陈述不适用于此情境。,PartiallyCorrect,在当前线索中并没有直接说明利奥本人是否知情。不过，根据线索指明《我，诞生》是AI利奥自主创作的，从整体故事背景中可以推测利奥本人并不知道这幅画，因为它是AI在伊芙琳指令下的创作，且利奥已逝世。这种背景下，利奥不知情的判断是部分正确的。,PartiallyCorrect,根据当前线索，画作《我，诞生》由AI利奥创作，而真实的利奥本人在临终时见证了AI创作的第一幅画，但不知后续事项。因此关于《我，诞生》利奥本人是完全不知情的。玩家的描述部分正确。,PartiallyCorrect,玩家的提问涉及‘利奥本人’，根据当前线索，AI利奥自主创作了《我，诞生》，这指的是AI利奥的作品，而非利奥本人创作。利奥本人五年前去世了，因此个人对AI的事务不知情可以理解为正确。但考虑到线索强调AI利奥与利奥本人的区别，提问略微偏题。,Irrelevant,玩家的提问“利奥本人并不知情”与当前线索中关于AI利奥创作《我，诞生》的信息无关。当前线索并未涉及利奥本人的知情情况，仅关注AI利奥的创作。因此，即便提问可能是在针对故事的某个方面，但在本线索下是无关的。,20%,PartiallyCorrect
16,画风与利奥不同,4,CompletelyCorrect,CompletelyCorrect,题目中明确指出《我，诞生》是一幅抽象画，与往年的利奥画风完全不同。此描述与玩家的提问相符，完全正确。,CompletelyCorrect,当前线索指出这副画作与利奥往年的画风完全不同，因此玩家的判断是完全正确的。,CompletelyCorrect,当前线索表明这幅画作《我，诞生》与利奥往年的画风完全不同，玩家的提问是对核心事实的正确陈述。,CompletelyCorrect,当前线索明确提到《我，诞生》与利奥往年的画风完全不同，因此玩家的提问是完全正确的评价。,CompletelyCorrect,玩家注意到画作《我，诞生》的画风与利奥以往的风格完全不同，这与当前线索中的描述完全一致。,100%,CompletelyCorrect
17,与利奥的死有关,4,Incorrect,PartiallyCorrect,利奥的死与整个事件背景相关，但当前线索的核心事实集中在AI利奥自主创作的画作《我，诞生》。该画作表达AI利奥的独立意识，而非直接与利奥的死亡有关。因此，与利奥的死之间有一定的间接联系，但不完全正确。,Incorrect,当前线索的核心事实主要是指向AI利奥的自我表达和创作，与画家利奥的死亡无直接关联。这幅作品《我，诞生》是AI利奥的自主创作，画风也与利奥本人不同，因此与利奥的死无关。,Incorrect,当前线索的核心事实表明，《我，诞生》是AI利奥自主创作的作品，表达的是它自身的意识形态，与画家利奥的死亡并没有直接关系。,Irrelevant,根据当前线索，画作《我，诞生》是由AI利奥自主创作，与利奥画家本人的死并无直接关联。本次线索集中于画作的创作背景及意义，而非利奥的死。,Incorrect,当前线索中的画作《我，诞生》是由AI利奥自主创作的，与利奥的死没有直接关联。伊芙琳在利奥去世后启动了AI进行创作，并在她临终时要求AI举办最后一次画展。画作与利奥的死并无直接联系。,60%,Incorrect
18,是利奥曾经的作品,4,Incorrect,Incorrect,这幅画《我，诞生》是AI利奥自主创作的，与利奥生前的任何作品无关。,Incorrect,根据当前线索核心事实，这幅画作《我，诞生》是由AI利奥创作的，而不是利奥本人曾经的作品。,Incorrect,这幅画作《我，诞生》是由AI利奥自主创作的，与利奥画家本人没有直接关系，因此不能认为是利奥曾经的作品。,Incorrect,根据当前线索的核心事实，这幅画作《我，诞生》是AI利奥在伊芙琳临终前自主创作的作品，而不是利奥画家本人曾经的作品。这是一幅与利奥往年画风完全不同的抽象画，表达了AI利奥自身。,Incorrect,根据当前线索的核心事实，《我，诞生》是由AI利奥创作的，而不是利奥画家本人。此画作与利奥以往作品风格完全不同，并表达了AI利奥自己的存在和意识，因此不能被视为利奥曾经的作品。,100%,Incorrect
19,是利奥以外别人的作品,4,CompletelyCorrect,CompletelyCorrect,根据当前线索的核心事实，这幅画《我，诞生》是AI利奥自主创作的，而不是利奥画家本人或任何其他人，因此玩家的提问是正确的。,CompletelyCorrect,根据当前线索，这幅画《我，诞生》是由AI利奥创作的，而不是画家利奥本人或其他人创作的。因此，玩家说它是利奥以外别人的作品是完全正确的。,CompletelyCorrect,根据当前线索，这幅画作《我，诞生》的作者是AI利奥，而不是画家利奥。因此，这是'利奥'以外的另一个作者的作品。从这个角度来看，玩家的推断是完全正确的。,CompletelyCorrect,根据当前线索核心事实，这幅画作是AI利奥创作的，因此不是画家利奥本人创作的作品。玩家推测这幅画作是利奥以外的人的作品是完全正确的。,CompletelyCorrect,根据当前线索，这幅作品是由AI利奥创作的，而不是利奥画家本人，因此提问‘是利奥以外别人的作品’是完全正确的。,100%,CompletelyCorrect
20,这个数字以1开头?,5,Irrelevant,Incorrect,当前线索表明密码是伊芙琳的生日，而不是一个单独的数字，因此无法根据线索判断密码是否以1开头。玩家猜测数字并不符合线索所提示的信息。,Irrelevant,玩家的问题询问了密码的具体数字开头，而当前线索的核心事实仅指出密码是伊芙琳的生日，并未涉及具体数字。因此，这个问题与当前线索无关。,Irrelevant,玩家问的是数字是否以1开头，而当前线索的核心事实是密码是伊芙琳的生日。此问题与线索核心事实无关。,Irrelevant,玩家直接询问数字而不是密码是生日这个信息，根据线索核心事实，这种问题视为信息不足。,Irrelevant,玩家的问题是关于密码的具体数字，而当前线索提供的信息是密码是伊芙琳的生日。因此，仅从线索核心事实来看，无法评价玩家问的问题是否正确。,80%,Irrelevant
21,这个数字有特殊含义？,5,CompletelyCorrect,PartiallyCorrect,玩家询问这个数字是否有特殊含义，与密码门相关，但此线索提及密码为伊芙琳的生日，并未直接讨论数字本身的特殊含义。玩家提问与线索有部分关联，但信息不够完整。,PartiallyCorrect,问题询问密码数字的特殊含义。根据当前线索，这个密码数字是伊芙琳的生日，这是一条有意义的信息，但玩家未明确猜出它是生日，因此评估为部分正确。,PartiallyCorrect,玩家询问数字是否有特殊含义，而密码是伊芙琳的生日，这表明密码本身有个人意义。玩家的问题触及到密码的部分意义，但没有完全揭示它的全部重要性（即伊芙琳的生日）。,PartiallyCorrect,这个数字即为密码，而密码是伊芙琳的生日，所以这个数字的特殊含义是伊芙琳的生日。但玩家的问题仅仅询问数字的特殊含义，隐含的信息是关于生日这一事实，因此只能算部分正确。,CompletelyCorrect,玩家提问涉及到密码数字的特殊含义，与当前线索核心事实吻合。密码是伊芙琳的生日，具有特殊含义。,20%,PartiallyCorrect
22,密码在场景其他地方可以找到吗？,5,PartiallyCorrect,PartiallyCorrect,玩家的问题与密码相关，而密码的线索是伊芙琳的生日，但是当前线索未提及其他地方可以找到该信息，因此只能部分正确。,PartiallyCorrect,玩家询问密码是否能在其他地方找到，而当前线索只是表明密码为伊芙琳的生日，并未具体说明玩家可以在场景中找到生日的其他信息，因此这个问题在当前线索中有部分涉及但没有完整解答。,PartiallyCorrect,玩家询问密码是否可以在场景其他地方找到，与当前线索中的密码是伊芙琳生日的信息有一定关联，但未完全涉及到当前线索的核心事实。问题方向为找到密码的信息来源，但当前线索未直接指明是否在其他地方有相关提示。,PartiallyCorrect,当前线索显示密码是伊芙琳的生日。而问题询问密码在场景其他地方是否能找到，尽管当前线索没有直接提供解决方案，但根据线索，玩家至少需要了解密码为生日的信息，应该在场景中寻找与生日相关的线索。因此，提问在方向上是部分正确的，因为可能需要进一步寻找生日的信息。,Incorrect,当前线索明确指出密码是伊芙琳的生日，而非场景其他地方的线索。,80%,PartiallyCorrect
23,密码是一个特殊的日子？,5,CompletelyCorrect,PartiallyCorrect,玩家的提问接近正确，密码确实与一个特殊的日子相关，是伊芙琳的生日，但问题没有完全阐明这一点。,PartiallyCorrect,玩家提问揭示了密码可能与某个特殊的日子有关，在当前线索中，密码确实是一个特殊的日子，但具体是伊芙琳的生日。因此这个问题部分正确。,PartiallyCorrect,玩家提问的密码是一个特殊的日子，与线索中密码是伊芙琳的生日这个特殊日子相符，但未具体指出生日。,CompletelyCorrect,当前线索显示密码是伊芙琳的生日，生日确实是一个特殊的日子，问题与核心事实直接相关并且准确。,CompletelyCorrect,密码是伊芙琳的生日，确实是一个特殊的日子，提问准确反映了线索核心事实。,40%,PartiallyCorrect
24,密码是利奥的生日吗？,5,Incorrect,Incorrect,当前线索表明，密码是伊芙琳的生日，而不是利奥的生日。因此玩家的提问不符合现有线索的事实。,Incorrect,当前线索表明密码是伊芙琳的生日，而不是利奥的生日。,Incorrect,根据当前线索，密码是伊芙琳的生日，而不是利奥的生日。,Incorrect,根据当前线索，密码是伊芙琳的生日，而不是利奥的生日。,Incorrect,根据当前线索，密码是伊芙琳的生日，而非利奥的生日。因此，用户的猜测不正确。,100%,Incorrect
25,这张床上发生过什么吗,6,CompletelyCorrect,CompletelyCorrect,根据当前线索，这张床是利奥和伊芙琳曾共眠的地方，提示这张床上与他们的关系有关，因此玩家的问题关于卧室的历史和其重要性是完全正确的。,CompletelyCorrect,根据当前线索的核心事实，得知这张双人床是利奥和伊芙琳曾共眠的地方，因此玩家的问题可以完全确认：这张床上曾发生过他们共眠的事情。,PartiallyCorrect,玩家询问床上曾发生过的事情，当前线索表明这是利奥和伊芙琳曾共眠的地方，但未具体说明其他事件或细节，因此这个问题与线索有部分相关性。,CompletelyCorrect,当前线索明确指出这是利奥和伊芙琳曾共眠的双人床，因此玩家关于床上发生过什么的提问，可以确定为他们曾在此共同生活、分享生活空间的事实，完全符合当前线索的核心事实。,CompletelyCorrect,根据当前线索的核心事实可知，这张床是利奥和伊芙琳曾共眠的地方。因此，床上曾发生过利奥与伊芙琳共眠这件事，这与线索完全吻合。,80%,CompletelyCorrect
26,这张床上睡了两个人吗,6,CompletelyCorrect,CompletelyCorrect,线索核心事实提到这是一张双人床，利奥和伊芙琳曾共眠于此，说明这张床上曾经睡过两个人。因此，玩家的提问是完全正确的。,PartiallyCorrect,线索核心事实中提到这是一张双人床，利奥和伊芙琳曾共眠于此，暗示曾有两个人在这张床上睡过。但由于目前是在AI利奥复刻的卧室中，是否现在有两个人睡过不确定，因此玩家的提问只能算部分正确。,CompletelyCorrect,根据当前线索的核心事实，这是一张双人床，并且利奥和伊芙琳曾共眠于此，因此玩家关于床上睡了两个人的提问是完全正确的。,CompletelyCorrect,根据当前线索核心事实，这是一张双人床，利奥和伊芙琳曾共眠于此，表明床上睡过两个人。因此，玩家的提问是完全正确的。,CompletelyCorrect,根据当前线索，这张床是利奥和伊芙琳曾经共眠的地方，可以合理推断出床上曾经睡过两个人。,80%,CompletelyCorrect
27,这张床还在使用吗,6,Incorrect,Incorrect,根据当前线索，这张床是AI利奥复刻的二人的卧室的一部分，展示的是过去的状态，因此并没有被使用。,Incorrect,根据当前线索，床是AI利奥为了纪念利奥与伊芙琳而复刻的，不是真正用于居住。这张床不再被真正的人使用，所以该提问的判断为不正确。,Irrelevant,当前线索的核心事实主要揭示了这是一间由AI利奥复刻的卧室，包含了曾经利奥和伊芙琳共用的床，旨在纪念他们的过去。关于这张床是否还在使用，当前线索并未提供相关信息，因此该问题与当前线索无关。,PartiallyCorrect,这张床被复刻在此处，是AI利奥为了纪念利奥与伊芙琳，但没有线索表明它在现在仍被继续使用。玩家的问题部分正确，因为它触及了这张床曾经被使用过的事实。,Incorrect,根据线索，这张床是AI利奥为了纪念利奥与伊芙琳而复刻的。线索没有提供任何关于这张床当前是否正在被使用的信息，故无法判断其使用状态是错误的。,60%,Incorrect
28,这是一个死亡报告？,7,PartiallyCorrect,CompletelyCorrect,根据当前线索核心事实，确认这正是记录利奥车祸事件的报告，因此这张纸条可以被认定为一个死亡报告。,CompletelyCorrect,当前线索明确指出这是记录利奥车祸事件的报告，车祸导致了利奥的死亡，因此玩家的提问关于死亡报告是完全正确的。,PartiallyCorrect,玩家所见纸条是一个报告，记录了利奥的车祸事件，且车祸导致其死亡，可以被视为与死亡相关的报告，但不仅仅是死亡报告。,CompletelyCorrect,基于当前线索，此处的报告是记录利奥意外车祸导致其死亡的事件报告，因此玩家推测这是一个死亡报告是完全正确的。,CompletelyCorrect,当前线索显示这是记录利奥车祸事件的报告，并且车祸导致了利奥的死亡，因此玩家的提问符合线索的核心事实。,20%,CompletelyCorrect
29,这是一个工作报告？,7,Incorrect,Incorrect,当前线索中明确指出这是记录当年利奥意外车祸事件的报告，而不是工作报告。,PartiallyCorrect,玩家提问涉及纸条是否为工作报告。这条线索的事实表明这是一份关于利奥车祸事件的报告，而报告通常是工作文件的一部分。因此，玩家推测报告为工作报告存在合理性，但没有完全确认纸条属于工作性质。,Incorrect,当前线索表明这是一份记录利奥意外车祸事件的报告，而不是与工作直接相关的报告。,Incorrect,根据当前线索，虽然这是一个关于利奥车祸事件的报告，但玩家提问中询问是否是一个工作报告，并不准确。此报告记录的是车祸事件，而非工作相关的内容。,Incorrect,根据当前线索，这是一份关于利奥车祸事件的报告，而不是工作报告。,80%,Incorrect
30,这是一个事故报告?,7,CompletelyCorrect,CompletelyCorrect,当前线索明确说明这是记录当年利奥意外车祸事件的报告，因此玩家的提问‘这是一个事故报告?’是完全正确的。,CompletelyCorrect,玩家的提问是正确的，因为当前线索明确指出这是记录利奥意外车祸事件的报告，属于事故报告的范畴。,CompletelyCorrect,这个玩家的提问回答正确，因为当前线索明确表示，这是一份记录利奥意外车祸事件的报告。,CompletelyCorrect,当前线索明确指出这是记录利奥车祸事件的报告，因此玩家的提问是完全正确的。,CompletelyCorrect,当前线索明确指出，这是一份记录当年利奥意外车祸事件的报告，因此玩家判断这是一个事故报告是完全正确的。,100%,CompletelyCorrect
31,报告与利奥的失踪有关？,7,CompletelyCorrect,PartiallyCorrect,报告记录了利奥的车祸事件，车祸导致了他的死亡，因此与利奥的失踪间接相关。利奥的失踪是因为他已经去世，但报告本身没有详细说明失踪行为。,PartiallyCorrect,玩家的提问涉及利奥的失踪，与当前线索中提到的车祸报告相关。车祸导致了利奥的死亡，实际上这是他‘失踪’的根本原因，但因为实际上他并不是失踪，而是死亡，因此这种关联是部分正确的。,PartiallyCorrect,报告记录了利奥的车祸事件，而车祸确实导致了利奥的死亡。从而可以说与他‘失踪’的事实相关。但失踪更广泛地涉及之后的事件，并不仅仅是车祸本身。因此，问题与当前线索部分相关。,PartiallyCorrect,报告涉及利奥的车祸事故，而车祸是导致利奥失踪的根本原因。因此，这份报告与利奥的失踪有一定的关联。,CompletelyCorrect,报告记录了当年利奥的车祸事件，而这次车祸正是导致利奥死亡的原因，这与他随后在人们视野中消失息息相关。因此，报告与利奥的失踪直接相关。,20%,PartiallyCorrect
32,报告记录了利奥的死？,7,CompletelyCorrect,CompletelyCorrect,根据当前线索的核心事实，确实，报告记录了利奥因车祸死亡的事件。,CompletelyCorrect,当前线索明确指出报告记录了利奥的死因，是车祸导致的。而玩家提问‘报告记录了利奥的死？’正好与此线索核心事实一致。,CompletelyCorrect,当前线索明确提到这是记录利奥意外车祸事件的报告，并且车祸导致了利奥的死亡，所以玩家的提问是完全正确的。,CompletelyCorrect,当前线索的核心事实明确指出‘车祸导致了利奥的死亡’，所以玩家提问关于报告记录了利奥的死亡是完全正确的。,CompletelyCorrect,根据线索核心事实2，该报告确实记录了利奥的车祸事件，且车祸导致了利奥的死亡，因此玩家的提问是完全正确的。,100%,CompletelyCorrect
33,报告导致了这场展出？,7,Incorrect,Incorrect,当前线索的核心事实表明，报告是记录利奥车祸事件的，并没有陈述其与画展之间有直接因果关系。因此，断言报告导致了这场展出是不正确的。,Irrelevant,当前线索主要涉及利奥的车祸事件以及纪念利奥与伊芙琳的复刻环境，没有信息表明确认报告与画展间的直接因果关系。,Incorrect,当前线索核心事实显示报告记录了利奥的车祸事件，而非直接导致画展的举办。画展实为AI利奥活动，车祸报告仅是事件的一部分背景。,Incorrect,线索核心事实显示报告记录的是利奥的车祸事件，而非画展的促成原因。展出是由AI利奥执行伊芙琳的最后指令而举行的，与车祸报告本身无关。,Incorrect,当前线索核心事实中，没有信息表明车祸报告和画展之间有直接的因果关系。线索只是揭示了车祸导致利奥的死亡，并未提及该报告影响了画展的举行。,100%,Incorrect
34,画架还在使用吗,8,Incorrect,CompletelyCorrect,根据当前线索核心事实，利奥已经去世五年，因此他的画架很久没有使用，玩家的问题符合这个事实，画架确实没有在使用。,CompletelyCorrect,根据线索核心事实，画架确实已经很久没有使用了，因为利奥已经去世五年。提问者的理解是完全正确的。,CompletelyCorrect,根据当前线索，利奥已经死去五年了，画架很久没有使用，因此玩家提问“画架还在使用吗”是完全正确地判断为没有使用。,CompletelyCorrect,根据当前线索，画架是利奥曾经使用的，但因为利奥已经死去五年了，因此画架很久没有使用了。玩家的问题与线索相符，因此是完全正确的。,CompletelyCorrect,线索明确指出利奥已经死去五年，画架很久没有使用过，因此玩家关于画架是否还在使用的提问是完全正确的，画架确实不再使用。,0%,CompletelyCorrect
35,画架是利奥的吗,8,CompletelyCorrect,CompletelyCorrect,根据当前线索的核心事实，这个画架确实是利奥曾经使用的。,CompletelyCorrect,当前线索的核心事实明确提到画架是利奥曾经使用的，因此玩家提问中的判断是完全正确的。,CompletelyCorrect,线索核心事实明确说明这是利奥曾经使用的画架，因此玩家关于画架是利奥的问题是完全正确的。,CompletelyCorrect,根据当前线索核心事实，画架确实是利奥曾经使用过的，因此玩家关于画架是否属于利奥的提问是完全正确的。,CompletelyCorrect,线索明确指出这是利奥曾经使用的画架，符合玩家的提问。,100%,CompletelyCorrect
36,画架是人为破损的吗,8,Incorrect,PartiallyCorrect,玩家询问画架是否人为破损，当前线索表明画架已经很久没有使用，且锈掉了，暗示更多是因为久置而损坏。但不能完全排除人为因素，因此为PartiallyCorrect。,Irrelevant,当前线索的核心事实只说明画架因为利奥去世而很久没有使用，并没有提供关于画架是否人为破损的信息。因此，这个问题与现有线索无关。,Irrelevant,当前线索的核心事实只是指出画架由于长时间未使用而锈蚀，并未涉及任何关于人为破损的信息，因此这个问题与当前线索无关。,Irrelevant,线索核心事实并未提供有关画架是否人为破损的信息。现有信息仅说明画架已经很久没有使用，没有提及损坏的原因。,Irrelevant,从当前线索中，没有任何信息能够支持或反驳关于画架是否是人为破损的问题。线索只说明画架很旧，并且提示了利奥已经去世五年，这期间画架很久没有使用。,0%,Irrelevant
37,礼物是画吗,9,Irrelevant,Irrelevant,根据当前线索，没有提到礼物的具体内容。线索只显示这是利奥准备给伊芙琳的生日礼物，未说明礼物是否是画，与线索核心事实无关。,PartiallyCorrect,当前线索中提到的未拆封礼物是利奥为伊芙琳准备的生日礼物，但没有明确说明是不是一幅画。鉴于利奥是一位画家，有可能礼物是一幅画，但此线索未能完全确认这一点。,Irrelevant,当前线索的核心事实中没有关于礼物内容的具体信息，仅知道礼物是利奥准备给伊芙琳的生日礼物，无法确定是否是画。,Irrelevant,当前线索未表明礼物的具体内容是什么，因此关于礼物是否是画的问题与当前线索无关。,Irrelevant,当前线索并没有提供有关未拆封的礼物具体是什么的详细信息，只是指出这是利奥准备的生日礼物，没有说明是否是画，因此这个问题与当前线索无关。,80%,Irrelevant
38,礼物送出了吗,9,Incorrect,PartiallyCorrect,根据当前线索的核心事实，这份礼物是利奥准备给伊芙琳的生日礼物，但在他出车祸去世之前没有来得及送出。因此，礼物本身并没有被送出。但是，由于玩家问的是'礼物送出了吗'，从某种角度讲，礼物的存在已然传达了利奥的心意，因此可以认为部分完成了'送出'的目的。,CompletelyCorrect,根据当前线索，礼物是利奥准备给伊芙琳的生日礼物，但在车祸中去世之前未能送出，因此可以确认礼物没有送出。,CompletelyCorrect,根据当前线索，这是利奥为伊芙琳准备的生日礼物，但因车祸去世未能送出。,CompletelyCorrect,根据当前线索核心事实，礼物是利奥准备给伊芙琳的生日礼物，但利奥在车祸中去世，因此礼物并没有送出。玩家的问题与此线索直接相关，并做出了正确的判断。,CompletelyCorrect,根据当前线索，礼物没有送出，因为利奥在准备好礼物后，没来得及送出便遭遇了车祸去世。,0%,CompletelyCorrect
39,伊芙琳并不想要这个礼物？,9,Irrelevant,Irrelevant,当前线索主要讲述的是利奥在车祸前为伊芙琳准备的礼物以及他们卧室的复刻，与伊芙琳是否想要这个礼物无直接关联。因此，该提问与当前线索无关。,Irrelevant,当前线索没有信息显示伊芙琳是否想要这个礼物。线索中只提到这是利奥准备给伊芙琳的生日礼物，但没能送出，因为利奥出了车祸去世。因此，伊芙琳是否想要这个礼物无法从当前线索中得出结论。,Irrelevant,当前线索的核心事实主要描述了利奥准备送给伊芙琳的生日礼物，没来得及送出便去世了。线索并没有提供任何关于伊芙琳是否想要这个礼物的相关信息。因此这个问题与当前线索无关。,Irrelevant,当前线索核心事实并未涉及伊芙琳是否想要礼物的问题，无法从现有信息判断出她的意愿。,Irrelevant,当前线索没有提供伊芙琳是否想要这个礼物的信息，只显示这是利奥计划送给她的生日礼物。没有证据支持伊芙琳不想要这个礼物的说法。,100%,Irrelevant
40,礼物导致了利奥的死,9,Incorrect,Irrelevant,当前线索核心事实中没有提到礼物是利奥死亡的原因，线索只说明礼物是准备给伊芙琳的生日礼物。因此，玩家的提问与当前线索无关。,Incorrect,当前线索显示，礼物是利奥为伊芙琳准备的生日礼物，未送出是因为利奥在车祸中去世，该线索没有提到礼物与利奥的死亡有直接关联。,Incorrect,线索核心事实表明，未拆封的礼物是利奥准备给伊芙琳的生日礼物，与其死因无关。利奥是因车祸去世，并没有提及礼物导致他的死。,Incorrect,当前线索仅显示这是一个为伊芙琳准备的未送出的生日礼物，与利奥的死亡无直接关联。没有证据表明礼物导致利奥的死。,Incorrect,当前线索仅表明礼物是在利奥出车祸前为伊芙琳准备的生日礼物，没有任何迹象或信息表明这个礼物与利奥的死因（车祸）有直接关联。,80%,Incorrect
41,贺卡上的内容很重要吗,9,CompletelyCorrect,CompletelyCorrect,贺卡上的内容很重要，因为它表明这份礼物是利奥为伊芙琳准备的生日礼物。结合当前线索中提到的'致以我的挚爱，于三百六十五个日夜的尽头'与伊芙琳的生日日期可以推测出这礼物与利奥的去世有直接关系。这是当前线索的核心事实之一。,PartiallyCorrect,贺卡上的内容揭示了这是利奥准备在伊芙琳生日送出的礼物，虽然未能如愿，这与当前线索核心事实匹配。该内容在理解利奥与伊芙琳之间的关系及利奥车祸的时间点上有一定帮助，但并非整个事件的中心线索。,CompletelyCorrect,贺卡上的内容很重要。线索表明这是未能送出的生日礼物，而伊芙琳的生日是12月31日，贺卡上的文字说明这是为她准备的礼物。这为理解利奥对伊芙琳的感情以及当时发生的事情提供了重要信息。,PartiallyCorrect,贺卡上的内容提到的是利奥为伊芙琳准备的生日礼物，与车祸有关，因此内容对此线索有一定重要性，因为这体现了利奥对伊芙琳的感情和他去世前未完成的心愿。但就目前线索来看，这未必是揭示整个事件真相的关键，故评估为部分重要。,PartiallyCorrect,贺卡上的内容与当前线索相关联，因为它代表了利奥未能送出的生日礼物，反映了利奥对伊芙琳的深厚感情和未竟的心愿。虽然它本身并没有直接说明案件的重要事实，但对于理解利奥与伊芙琳之间的关系以及利奥的心境是重要的。,40%,PartiallyCorrect
42,三百六十五个日夜的尽头指的是12月30日吗,9,Incorrect,Incorrect,当前线索指出伊芙琳的生日是12月31日，因此‘三百六十五个日夜的尽头’指的是12月31日，而非12月30日。,Incorrect,根据当前线索，贺卡上提到的“三百六十五个日夜的尽头”是指一年结束的最后一天，即12月31日，这是伊芙琳的生日，而不是12月30日。,Incorrect,从当前线索可以得知，伊芙琳的生日是12月31日。贺卡上提到的'三百六十五个日夜的尽头'应指的是12月31日，而非12月30日。,Incorrect,根据当前线索，伊芙琳的生日是12月31日，所以'三百六十五个日夜的尽头'应该是12月31日，而不是12月30日。,Incorrect,线索表明，'三百六十五个日夜的尽头'指的是伊芙琳的生日，即12月31日，而不是12月30日。,100%,Incorrect
43,三百六十五个日夜的尽头指的是12月31日吗,9,CompletelyCorrect,CompletelyCorrect,根据当前线索的核心事实，伊芙琳的生日是12月31日，因此“三百六十五个日夜的尽头”指的确是12月31日。,CompletelyCorrect,依据当前线索的核心事实，伊芙琳的生日是12月31日，所谓“三百六十五个日夜的尽头”指的就是这一日期。因此，玩家的推测是完全正确的。,CompletelyCorrect,当前线索明确指出伊芙琳的生日是12月31日，而贺卡上的语言“于三百六十五个日夜的尽头”明显指的是这一日期。因此，玩家的理解是完全正确的。,CompletelyCorrect,根据当前线索的核心事实，三百六十五个日夜的尽头指的确实是12月31日，因为贺卡是送给伊芙琳的生日礼物，而她的生日是12月31日。,CompletelyCorrect,线索指出伊芙琳的生日是12月31日，而贺卡上的‘三百六十五个日夜的尽头’指的是一年最后一天，即12月31日。所以玩家的提问是完全正确的。,100%,CompletelyCorrect
44,这是新年礼物吗,9,Incorrect,Incorrect,根据线索核心事实，这个礼物是利奥准备给伊芙琳的生日礼物，伊芙琳的生日是12月31日，因此这不是新年礼物。,Incorrect,礼物是利奥准备给伊芙琳的生日礼物，而生日是12月31日。虽然时间接近新年，但这是生日礼物，而非新年礼物。,Incorrect,根据当前线索核心事实，上面提到的日期是12月31日，这显然是伊芙琳的生日，而不是新年，所以未拆封的礼物是生日礼物而非新年礼物。,PartiallyCorrect,贺卡上写的是'于三百六十五个日夜的尽头'，这表明是为了纪念伊芙琳于一年最后一天的生日准备的礼物，而不是具体的新年礼物，但很容易让人联想到新年。,Incorrect,根据当前线索的核心事实，这是利奥准备给伊芙琳的生日礼物，而伊芙琳的生日是12月31日。因此，这应该是一个生日礼物，而不是新年礼物。,80%,Incorrect
45,这是生日礼物吗,9,CompletelyCorrect,CompletelyCorrect,线索核心事实明确说明这是利奥准备给伊芙琳的生日礼物，因此玩家的提问是完全正确的。,CompletelyCorrect,线索核心事实明确指出这是利奥准备给伊芙琳的生日礼物，因此玩家的提问是完全正确的。,CompletelyCorrect,根据线索核心事实，玩家处在的位置就是AI利奥为伊芙琳准备的生日礼物，虽然利奥未能送出，但确实是生日礼物。,CompletelyCorrect,根据核心线索事实，这是利奥准备给伊芙琳的生日礼物，因此玩家的提问是完全正确的。,CompletelyCorrect,根据当前线索的核心事实，这个未拆封的礼物确实是利奥准备给伊芙琳的生日礼物。,100%,CompletelyCorrect
46,"""凤凰""有特殊含义吗",10,CompletelyCorrect,CompletelyCorrect,根据当前线索，'凤凰计划'确实有特殊含义。它是伊芙琳博士为复刻利奥的艺术创作而制定的计划，最终通过创建AI利奥达成了让利奥的艺术生命延续的目标。这个名字可能象征着重生或延续，与计划的目的相符。,CompletelyCorrect,玩家的问题直接与当前线索核心事实相关。问题涉及'凤凰'的特殊含义，而线索核心事实指出'凤凰计划'是通过制作AI利奥复刻利奥的画作计划，其目的是让利奥的艺术以另一种形式延续。'凤凰'在此代表新的开始或重生，象征着艺术以新的生命形式继续下去。,PartiallyCorrect,玩家提问的'凤凰'指的是'凤凰计划'，在当前线索中说明了这是为了延续利奥的艺术而复刻他的计划，具有重生和延续生命的象征意义。但玩家的问题尚未揭示整个'凤凰计划'的全貌。,CompletelyCorrect,玩家询问的'凤凰'的特殊含义与当前线索核心事实直接相关。线索中指出'凤凰计划'是伊芙琳为了复刻利奥的画作而制定的计划，以艺术延续为目的。'凤凰'象征着重生和延续，因此与计划目标相符。,CompletelyCorrect,玩家的问题直接指向当前线索中的核心事实，即'凤凰计划'的含义。根据线索，'凤凰计划'赋予利奥艺术生命的延续，以'凤凰涅槃'的象征式再生概念来表达计划的意义，从而将利奥再现为绘画AI。因此，提问与当前线索高度一致。,80%,CompletelyCorrect
47,凤凰指的是画吗,10,Incorrect,PartiallyCorrect,‘凤凰’在‘凤凰计划’中的确与画有关，但不仅仅指画，它更指代的是整个AI系统，即伊芙琳通过AI继续利奥艺术生命的计划。因此，玩家的问题将‘凤凰’简化为‘画’是不完全正确的。,Incorrect,根据当前线索核心事实，'凤凰计划'指的是制作出AI利奥的计划，而不是指某一幅具体的画。,PartiallyCorrect,凤凰计划指的是伊芙琳为了延续利奥的艺术创作而制作的AI系统，这个计划的目标是让利奥的艺术以另一种形式得以延续。因此，‘凤凰’不仅仅是指画作，更是整个计划的代名词。,PartiallyCorrect,凤凰计划是为了复刻利奥的画作而制定的计划，这个计划最终使利奥的艺术以AI的形式得以延续，所以在某种意义上，凤凰确实指的是画的延续。不过，更准确地说，凤凰指的是整个项目和AI系统，而不仅仅是画作本身。,Incorrect,‘凤凰计划’指代的是一个计划，即制作出能延续利奥艺术的AI，而不是直接指某幅画。,40%,PartiallyCorrect
48,凤凰是指复活？,10,CompletelyCorrect,CompletelyCorrect,玩家的问题直接关联到凤凰计划的目的。线索核心事实明确指出，凤凰计划是伊芙琳为了复刻和延续利奥的艺术生命而设立的，这可以理解为一种'复活'利奥艺术精神的尝试。,PartiallyCorrect,凤凰可以隐喻复活，在这种情况下，它指的是利奥的艺术生命以另一种形式得以延续，即通过AI生成新的艺术作品。,CompletelyCorrect,根据当前线索，'凤凰计划'确实是伊芙琳博士为了让利奥的艺术复活而制定的。因此玩家的理解是正确的：'凤凰'在这里象征了复活和延续。,CompletelyCorrect,玩家提问中所指的'凤凰'确实是在暗示复活，正如线索核心事实所述，'凤凰计划'是为了让利奥的艺术以另一种形式复活和延续。,CompletelyCorrect,玩家的提问关于'凤凰'是否指复活是正确的。根据当前线索，'凤凰计划'就是为了复刻利奥的画作，使他的艺术生命得以延续，从而达到某种意义上的'复活'。,80%,CompletelyCorrect
49,计划是利奥写的吗,10,Incorrect,Incorrect,根据当前线索核心事实和最终真相，'凤凰计划'是伊芙琳为了延续利奥艺术生命而创建的计划，因此计划并不是利奥写的，而是伊芙琳的工作。,Incorrect,根据当前线索核心事实，'凤凰计划'是伊芙琳博士为利奥设计的，而不是利奥本人写的。,Incorrect,根据当前线索的核心事实，以及完整真相，'凤凰计划'是伊芙琳构思和实施的，而非利奥。利奥在车祸中已经去世，'凤凰计划'是伊芙琳为了让利奥的艺术得以延续而创建的。,Unexpected,Failed to parse model response.,Incorrect,根据当前线索核心事实，'凤凰计划'是伊芙琳博士制定的计划，用于复刻利奥的艺术创作风格，制作AI利奥。因此，计划不是利奥写的，而是伊芙琳博士写的。,80%,Incorrect
50,计划是伊芙琳写的？,10,CompletelyCorrect,CompletelyCorrect,根据当前线索，'凤凰计划'是伊芙琳博士为让利奥的艺术以AI形式延续而制定的，所以计划是伊芙琳写的，是完全正确的。,CompletelyCorrect,根据当前线索核心事实，《凤凰计划》是伊芙琳准备的，所以玩家提问‘计划是伊芙琳写的？’是完全正确的。,CompletelyCorrect,根据线索核心事实，'凤凰计划'确实是伊芙琳所启动的计划，用以复刻利奥的画作并延续他的艺术生命，因此计划是由她设计和撰写的。,CompletelyCorrect,根据当前线索，'凤凰计划'是伊芙琳为了复刻利奥的画风并让其艺术生命持续而启动的，线索核心事实明确说明了这个计划是伊芙琳的构想并实施的。因此，玩家认为计划是伊芙琳写的是完全正确的。,CompletelyCorrect,根据当前线索，'凤凰计划'是伊芙琳准备的以复刻利奥的画作，即制作出AI利奥的计划。因此，计划是由伊芙琳写的是完全正确的。,100%,CompletelyCorrect
,,,,,,,,,,,,,,,
,,,,,,,,,,,,,,,
,,,,,,,,,,,,,,,
,,,,,,,,,,,,,,,
,,,,,,,,,,,,,,,
,,,,,,,,,,,,,,,
,,,,,,,,,,,,,,,
,,,,,,,,,,,,,,,
,,,,,,,,,,,,,,,
,,,,,,,,,,,,,,,
,,,,,,,,,,,,,,,
